[
    {
        "organizations": [], 
        "sentence": "Will be leaving Florida for Washington (D.C.) today at 4:00 P.M. Much work to be done, but it will be a great New Year!"
    }, 
    {
        "organizations": [
            {
                "text": "Obama Administration", 
                "confidence": 0.6289777160000001, 
                "position": [
                    79, 
                    99
                ]
            }
        ], 
        "sentence": "Iran is failing at every level despite the terrible deal made with them by the Obama Administration. The great Iranian people have been repressed for many years. They are hungry for food &amp; for freedom. Along with human rights, the wealth of Iran is being looted. TIME FOR CHANGE!"
    }, 
    {
        "organizations": [], 
        "sentence": "The United States has foolishly given Pakistan more than 33 billion dollars in aid over the last 15 years, and they have given us nothing but lies &amp; deceit, thinking of our leaders as fools. They give safe haven to the terrorists we hunt in Afghanistan, with little help. No more!"
    }, 
    {
        "organizations": [], 
        "sentence": "HAPPY NEW YEAR! We are MAKING AMERICA GREAT AGAIN, and much faster than anyone thought possible!"
    }, 
    {
        "organizations": [
            {
                "text": "Fake", 
                "confidence": 0.5347146988, 
                "position": [
                    142, 
                    146
                ]
            }, 
            {
                "text": "News Media", 
                "confidence": 0.9760965705, 
                "position": [
                    147, 
                    157
                ]
            }
        ], 
        "sentence": "As our Country rapidly grows stronger and smarter, I want to wish all of my friends, supporters, enemies, haters, and even the very dishonest Fake News Media, a Happy and Healthy New Year. 2018 will be a great year for America!"
    }, 
    {
        "organizations": [], 
        "sentence": "Iran, the Number One State of Sponsored Terror with numerous violations of Human Rights occurring on an hourly basis, has now closed down the Internet so that peaceful demonstrators cannot communicate. Not good!"
    }, 
    {
        "organizations": [], 
        "sentence": "What a year it\u2019s been, and we're just getting started. Together, we are MAKING AMERICA GREAT AGAIN! Happy New Year!! https://t.co/qsMNyN1UJG"
    }, 
    {
        "organizations": [], 
        "sentence": "My deepest condolences to the victims of the terrible shooting in Douglas County @DCSheriff, and their families. We love our police and law enforcement - God Bless them all! #LESM"
    }, 
    {
        "organizations": [
            {
                "text": "Congress", 
                "confidence": 0.7525990009, 
                "position": [
                    48, 
                    56
                ]
            }, 
            {
                "text": "ISIS", 
                "confidence": 0.6192052364, 
                "position": [
                    221, 
                    225
                ]
            }, 
            {
                "text": "VA", 
                "confidence": 0.2777007222, 
                "position": [
                    227, 
                    229
                ]
            }
        ], 
        "sentence": "Why would smart voters want to put Democrats in Congress in 2018 Election when their policies will totally kill the great wealth created during the months since the Election. People are much better off now not to mention ISIS, VA, Judges, Strong Border, 2nd A, Tax Cuts &amp; more?"
    }, 
    {
        "organizations": [], 
        "sentence": "If the Dems (Crooked Hillary) got elected, your stocks would be down 50% from values on Election Day. Now they have a great future - and just beginning! https://t.co/9TzSC8F8vY"
    }, 
    {
        "organizations": [
            {
                "text": "USA", 
                "confidence": 0.3841347992, 
                "position": [
                    185, 
                    188
                ]
            }
        ], 
        "sentence": "Big protests in Iran. The people are finally getting wise as to how their money and wealth is being stolen and squandered on terrorism. Looks like they will not take it any longer. The USA is watching very closely for human rights violations!"
    }, 
    {
        "organizations": [], 
        "sentence": "\u201cTrump Rally: Stocks put 2017 in the record books\u201d https://t.co/0foQGaFjMh"
    }, 
    {
        "organizations": [], 
        "sentence": "Jobs are kicking in and companies are coming back to the U.S. Unnecessary regulations and high taxes are being dramatically Cut, and it will only get better. MUCH MORE TO COME!"
    }, 
    {
        "organizations": [
            {
                "text": "Social Media", 
                "confidence": 0.4278440177, 
                "position": [
                    6, 
                    18
                ]
            }, 
            {
                "text": "News", 
                "confidence": 0.879434526, 
                "position": [
                    149, 
                    153
                ]
            }
        ], 
        "sentence": "I use Social Media not because I like to, but because it is the only way to fight a VERY dishonest and unfair \u201cpress,\u201d now often referred to as Fake News Media. Phony and non-existent \u201csources\u201d are being used more often than ever. Many stories &amp; reports a pure fiction!"
    }, 
    {
        "organizations": [
            {
                "text": "Obama WH", 
                "confidence": 0.40625321870000003, 
                "position": [
                    185, 
                    193
                ]
            }
        ], 
        "sentence": "On Taxes: \u201cThis is the biggest corporate rate cut ever, going back to the corporate income tax rate of roughly 80 years ago.This is a huge pro-growth stimulus for the economy. Every year the Obama WH overstated how the economy would grow. Now real economics and jobs.\u201d @WSJ Report"
    }, 
    {
        "organizations": [], 
        "sentence": "Oppressive regimes cannot endure forever, and the day will come when the Iranian people will face a choice. The world is watching! https://t.co/kvv1uAqcZ9"
    }, 
    {
        "organizations": [], 
        "sentence": "The entire world understands that the good people of Iran want change, and, other than the vast military power of the United States, that Iran\u2019s people are what their leaders fear the most.... https://t.co/W8rKN9B6RT"
    }, 
    {
        "organizations": [], 
        "sentence": "Many reports of peaceful protests by Iranian citizens fed up with regime\u2019s corruption &amp; its squandering of the nation\u2019s wealth to fund terrorism abroad. Iranian govt should respect their people\u2019s rights, including right to express themselves. The world is watching! #IranProtests"
    }, 
    {
        "organizations": [
            {
                "text": "Southern Border", 
                "confidence": 0.6563458443, 
                "position": [
                    121, 
                    136
                ]
            }, 
            {
                "text": "Lottery System of Immigration", 
                "confidence": 0.2357880175, 
                "position": [
                    197, 
                    226
                ]
            }
        ], 
        "sentence": "The Democrats have been told, and fully understand, that there can be no DACA without the desperately needed WALL at the Southern Border and an END to the horrible Chain Migration &amp; ridiculous Lottery System of Immigration etc. We must protect our Country at all cost!"
    }, 
    {
        "organizations": [
            {
                "text": "Amazon", 
                "confidence": 0.28017371890000003, 
                "position": [
                    102, 
                    108
                ]
            }, 
            {
                "text": "Amazon", 
                "confidence": 0.31563025710000003, 
                "position": [
                    164, 
                    170
                ]
            }, 
            {
                "text": "Post Office", 
                "confidence": 0.6712129116000001, 
                "position": [
                    186, 
                    197
                ]
            }
        ], 
        "sentence": "Why is the United States Post Office, which is losing many billions of dollars a year, while charging Amazon and others so little to deliver their packages, making Amazon richer and the Post Office dumber and poorer? Should be charging MUCH MORE!"
    }, 
    {
        "organizations": [
            {
                "text": "GOP", 
                "confidence": 0.752312243, 
                "position": [
                    64, 
                    67
                ]
            }
        ], 
        "sentence": "RT @charliekirk11: Incredible video: @CBS does a special on the GOP tax plan \n\nThe result?\n\nEvery middle class family they sat down with SA\u2026"
    }, 
    {
        "organizations": [
            {
                "text": "ISIS", 
                "confidence": 0.4367909729, 
                "position": [
                    19, 
                    23
                ]
            }, 
            {
                "text": "ISIS", 
                "confidence": 0.5540767908, 
                "position": [
                    75, 
                    79
                ]
            }
        ], 
        "sentence": "RT @charliekirk11: ISIS getting slaughtered: \n\nSquare miles liberated from ISIS\nTrump: 26,000 --  Obama: 13,200\n\nTotal Square miles held by\u2026"
    }, 
    {
        "organizations": [], 
        "sentence": "RT @FoxBusiness: .@charliekirk11: \"What this president has done is truly historic, and if a Democrat president achieved 1/10th of what @POT\u2026"
    }, 
    {
        "organizations": [], 
        "sentence": "RT @charliekirk11: 3 big wins in 2017 you won't hear:\n\nTrump confirmed the most circuit court judges ever in a President's 1st year (all co\u2026"
    }, 
    {
        "organizations": [
            {
                "text": "News", 
                "confidence": 0.7644573450000001, 
                "position": [
                    15, 
                    19
                ]
            }
        ], 
        "sentence": "While the Fake News loves to talk about my so-called low approval rating, @foxandfriends just showed that my rating on Dec. 28, 2017, was approximately the same as President Obama on Dec. 28, 2009, which was 47%...and this despite massive negative Trump coverage &amp; Russia hoax!"
    }, 
    {
        "organizations": [], 
        "sentence": "In the East, it could be the COLDEST New Year\u2019s Eve on record. Perhaps we could use a little bit of that good old Global Warming that our Country, but not other countries, was going to pay TRILLIONS OF DOLLARS to protect against. Bundle up!"
    }, 
    {
        "organizations": [], 
        "sentence": "Together, we are MAKING AMERICA GREAT AGAIN! https://t.co/OeyTdFyl1Q https://t.co/wdLQkfdy4m"
    }, 
    {
        "organizations": [
            {
                "text": "MS-13 Members", 
                "confidence": 0.5658306479, 
                "position": [
                    33, 
                    46
                ]
            }
        ], 
        "sentence": "RT @realDonaldTrump: \u201cArrests of MS-13 Members, Associates Up 83% Under Trump\u201d \nhttps://t.co/70iPHy2Yqn"
    }, 
    {
        "organizations": [], 
        "sentence": "RT @DanScavino: Congratulations to the 2017 @PinstripeBowl (Yankee Stadium) Champions, Iowa @HawkeyeFootball! https://t.co/NlaWU6bKmH"
    }, 
    {
        "organizations": [], 
        "sentence": "RT @EricTrump: #ThrowbackThursdays \n@realDonaldTrump \ud83c\uddfa\ud83c\uddf8\ud83c\uddfa\ud83c\uddf8\ud83c\uddfa\ud83c\uddf8 https://t.co/Z44IObGZ7V"
    }, 
    {
        "organizations": [], 
        "sentence": "RT @IvankaTrump: \u201cThe Trump economy is booming.\u201d One thing @realDonaldTrump \u201chas done that has received little attention despite arguably d\u2026"
    }, 
    {
        "organizations": [], 
        "sentence": "I've been saying it for a long, long time. #NoKo https://t.co/LQl7tGhMdO"
    }, 
    {
        "organizations": [], 
        "sentence": "Caught RED HANDED - very disappointed that China is allowing oil to go into North Korea. There will never be a friendly solution to the North Korea problem if this continues to happen!"
    }, 
    {
        "organizations": [], 
        "sentence": "Retail sales are at record numbers. We\u2019ve got the economy going better than anyone ever dreamt - and you haven\u2019t seen anything yet!"
    }, 
    {
        "organizations": [
            {
                "text": "Vanity Fair", 
                "confidence": 0.8226360679, 
                "position": [
                    0, 
                    11
                ]
            }, 
            {
                "text": "CH", 
                "confidence": 0.4595796764, 
                "position": [
                    227, 
                    229
                ]
            }
        ], 
        "sentence": "Vanity Fair, which looks like it is on its last legs, is bending over backwards in apologizing for the minor hit they took at Crooked H. Anna Wintour, who was all set to be Amb to Court of St James\u2019s &amp; a big fundraiser for CH, is beside herself in grief &amp; begging for forgiveness!"
    }, 
    {
        "organizations": [], 
        "sentence": "\u201cArrests of MS-13 Members, Associates Up 83% Under Trump\u201d \nhttps://t.co/70iPHy2Yqn"
    }, 
    {
        "organizations": [
            {
                "text": "ISIS", 
                "confidence": 0.50382936, 
                "position": [
                    63, 
                    67
                ]
            }
        ], 
        "sentence": "\u201cOn 1/20 - the day Trump was inaugurated - an estimated 35,000 ISIS fighters held approx 17,500 square miles of territory in both Iraq and Syria. As of 12/21, the U.S. military est the remaining 1,000 or so fighters occupy roughly 1,900 square miles..\u201d @jamiejmcintyre @dcexaminer https://t.co/OgYEuDgzD2"
    }, 
    {
        "organizations": [], 
        "sentence": "Just left West Palm Beach Fire &amp; Rescue #2. Met with great men and women as representatives of those who do so much for all of us. Firefighters, paramedics, first responders - what amazing people they are!"
    }, 
    {
        "organizations": [
            {
                "text": "ISIS", 
                "confidence": 0.50382936, 
                "position": [
                    63, 
                    67
                ]
            }
        ], 
        "sentence": "\u201cOn 1/20 - the day Trump was inaugurated - an estimated 35,000 ISIS fighters held approx 17,500 square miles of territory in both Iraq and Syria. As of 12/21, the U.S. military estimates the remaining 1,000 or so fighters occupy roughly 1,900 square miles...\u201d via @jamiejmcintyre https://t.co/0lXKMUoPE9"
    }, 
    {
        "organizations": [], 
        "sentence": "All signs are that business is looking really good for next year, only to be helped further by our Tax Cut Bill. Will be a great year for Companies and JOBS! Stock Market is poised for another year of SUCCESS!"
    }, 
    {
        "organizations": [
            {
                "text": "WOW", 
                "confidence": 0.774363637, 
                "position": [
                    0, 
                    3
                ]
            }, 
            {
                "text": "Clinton Campaign", 
                "confidence": 0.540499568, 
                "position": [
                    40, 
                    56
                ]
            }, 
            {
                "text": "DNC", 
                "confidence": 0.7288492918, 
                "position": [
                    58, 
                    61
                ]
            }, 
            {
                "text": "Dossier", 
                "confidence": 0.3731143475, 
                "position": [
                    69, 
                    76
                ]
            }, 
            {
                "text": "FBI", 
                "confidence": 0.8617938757, 
                "position": [
                    78, 
                    81
                ]
            }, 
            {
                "text": "Crooked Hillary", 
                "confidence": 0.3121816516, 
                "position": [
                    199, 
                    214
                ]
            }
        ], 
        "sentence": "WOW, @foxandfrlends  \u201cDossier is bogus. Clinton Campaign, DNC funded Dossier. FBI CANNOT (after all of this time) VERIFY CLAIMS IN DOSSIER OF RUSSIA/TRUMP COLLUSION. FBI TAINTED.\u201d And they used this Crooked Hillary pile of garbage as the basis for going after the Trump Campaign!"
    }, 
    {
        "organizations": [
            {
                "text": "HealthCare", 
                "confidence": 0.8521313667, 
                "position": [
                    256, 
                    266
                ]
            }
        ], 
        "sentence": "Based on the fact that the very unfair and unpopular Individual Mandate has been terminated as part of our Tax Cut Bill, which essentially Repeals (over time) ObamaCare, the Democrats &amp; Republicans will eventually come together and develop a great new HealthCare plan!"
    }, 
    {
        "organizations": [], 
        "sentence": "I hope everyone is having a great Christmas, then tomorrow it\u2019s back to work in order to Make America Great Again (which is happening faster than anyone anticipated)!"
    }, 
    {
        "organizations": [], 
        "sentence": "RT @EricTrump: We should all take a moment to say a prayer for those who paid the ultimate price  \u2014 Their bravery and sacrifice allows us t\u2026"
    }, 
    {
        "organizations": [], 
        "sentence": "MERRY CHRISTMAS!!! https://t.co/mYtV5GNdLl"
    }, 
    {
        "organizations": [], 
        "sentence": "MERRY CHRISTMAS!! https://t.co/xa2qxcisVV"
    }, 
    {
        "organizations": [], 
        "sentence": "People are proud to be saying Merry Christmas again. I am proud to have led the charge against the assault of our cherished and beautiful phrase. MERRY CHRISTMAS!!!!!"
    }, 
    {
        "organizations": [
            {
                "text": "Tax Cut/Reform Bill", 
                "confidence": 0.37054327130000003, 
                "position": [
                    4, 
                    23
                ]
            }, 
            {
                "text": "Massive Alaska Drilling", 
                "confidence": 0.808190167, 
                "position": [
                    35, 
                    58
                ]
            }, 
            {
                "text": "Individual Mandate", 
                "confidence": 0.2814299166, 
                "position": [
                    98, 
                    116
                ]
            }, 
            {
                "text": "News", 
                "confidence": 0.7917606235, 
                "position": [
                    199, 
                    203
                ]
            }
        ], 
        "sentence": "The Tax Cut/Reform Bill, including Massive Alaska Drilling and the Repeal of the highly unpopular Individual Mandate, brought it all together as to what an incredible year we had. Don\u2019t let the Fake News convince you otherwise...and our insider Polls are strong!"
    }, 
    {
        "organizations": [
            {
                "text": "Fake", 
                "confidence": 0.3329070807, 
                "position": [
                    4, 
                    8
                ]
            }, 
            {
                "text": "News", 
                "confidence": 0.9760965705, 
                "position": [
                    9, 
                    13
                ]
            }, 
            {
                "text": "News", 
                "confidence": 0.9760965705, 
                "position": [
                    120, 
                    124
                ]
            }
        ], 
        "sentence": "The Fake News refuses to talk about how Big and how Strong our BASE is. They show Fake Polls just like they report Fake News. Despite only negative reporting, we are doing well - nobody is going to beat us. MAKE AMERICA GREAT AGAIN!"
    }, 
    {
        "organizations": [], 
        "sentence": "RT @shawgerald4: @realDonaldTrump Thank you President TRUMP!! https://t.co/LKdkT0FL99"
    }, 
    {
        "organizations": [
            {
                "text": "FBI", 
                "confidence": 0.6235145926, 
                "position": [
                    10, 
                    13
                ]
            }, 
            {
                "text": "FBI", 
                "confidence": 0.721986711, 
                "position": [
                    136, 
                    139
                ]
            }
        ], 
        "sentence": ".@FoxNews-FBI\u2019s Andrew McCabe, \u201cin addition to his wife getting all of this money from M (Clinton Puppet), he was using, allegedly, his FBI Official Email Account to promote her campaign. You obviously cannot do this. These were the people who were investigating Hillary Clinton.\u201d"
    }, 
    {
        "organizations": [
            {
                "text": "Senate", 
                "confidence": 0.7164940834, 
                "position": [
                    71, 
                    77
                ]
            }, 
            {
                "text": "BIG", 
                "confidence": 0.4369501173, 
                "position": [
                    253, 
                    256
                ]
            }
        ], 
        "sentence": "Remember, the Republicans are 5-0 in Congressional races this year. In Senate, I said Roy M would lose in Alabama and supported Big Luther Strange - and Roy lost. Virginia candidate was not a \u201cTrumper,\u201d and he lost.  Good Republican candidates will win BIG!"
    }, 
    {
        "organizations": [
            {
                "text": "Stock Market", 
                "confidence": 0.5276082754, 
                "position": [
                    4, 
                    16
                ]
            }, 
            {
                "text": "Trump Administration", 
                "confidence": 0.7895163894, 
                "position": [
                    121, 
                    141
                ]
            }, 
            {
                "text": "Fake", 
                "confidence": 0.4509841204, 
                "position": [
                    243, 
                    247
                ]
            }, 
            {
                "text": "News Media", 
                "confidence": 0.9760965705, 
                "position": [
                    248, 
                    258
                ]
            }
        ], 
        "sentence": "The Stock Market is setting record after record and unemployment is at a 17 year low. So many things accomplished by the Trump Administration, perhaps more than any other President in first year. Sadly, will never be reported correctly by the Fake News Media!"
    }, 
    {
        "organizations": [
            {
                "text": "FBI", 
                "confidence": 0.8457160592, 
                "position": [
                    6, 
                    9
                ]
            }, 
            {
                "text": "@FoxNews", 
                "confidence": 0.5572529435, 
                "position": [
                    55, 
                    63
                ]
            }
        ], 
        "sentence": "Wow, \u201cFBI lawyer James Baker reassigned,\u201d according to @FoxNews."
    }, 
    {
        "organizations": [
            {
                "text": "FBI", 
                "confidence": 0.8908262253, 
                "position": [
                    0, 
                    3
                ]
            }
        ], 
        "sentence": "FBI Deputy Director Andrew McCabe is racing the clock to retire with full benefits. 90 days to go?!!!"
    }, 
    {
        "organizations": [
            {
                "text": "FBI", 
                "confidence": 0.8316263556, 
                "position": [
                    8, 
                    11
                ]
            }
        ], 
        "sentence": "How can FBI Deputy Director Andrew McCabe, the man in charge, along with leakin\u2019 James Comey, of the Phony Hillary Clinton investigation (including her 33,000 illegally deleted emails) be given $700,000 for wife\u2019s campaign by Clinton Puppets during investigation?"
    }, 
    {
        "organizations": [], 
        "sentence": "RT @EricTrump: #JournalismIsDead  https://t.co/xZaJD5ADb7"
    }, 
    {
        "organizations": [
            {
                "text": "ObamaCare", 
                "confidence": 0.4855275154, 
                "position": [
                    33, 
                    42
                ]
            }
        ], 
        "sentence": "Remember, the most hated part of ObamaCare is the Individual Mandate, which is being terminated under our just signed Tax Cut Bill."
    }, 
    {
        "organizations": [], 
        "sentence": "Today, it was my great honor to sign the largest TAX CUTS and reform in the history of our country. Full remarks: https://t.co/kMxoxEB68G https://t.co/OeAoA0sLfx"
    }, 
    {
        "organizations": [
            {
                "text": "United Nations Security Council", 
                "confidence": 0.7470358610000001, 
                "position": [
                    4, 
                    35
                ]
            }, 
            {
                "text": "Peace", 
                "confidence": 0.4999029934, 
                "position": [
                    117, 
                    122
                ]
            }
        ], 
        "sentence": "The United Nations Security Council just voted 15-0 in favor of additional Sanctions on North Korea. The World wants Peace, not Death!"
    }, 
    {
        "organizations": [
            {
                "text": "Yale", 
                "confidence": 0.6948973536, 
                "position": [
                    54, 
                    58
                ]
            }, 
            {
                "text": "Harvard Law", 
                "confidence": 0.5170958638, 
                "position": [
                    68, 
                    79
                ]
            }
        ], 
        "sentence": "Congressman Ron DeSantis is a brilliant young leader, Yale and then Harvard Law, who would make a GREAT Governor of Florida. He loves our Country and is a true FIGHTER!"
    }, 
    {
        "organizations": [], 
        "sentence": "95% of Americans will pay less or, at worst, the same amount of taxes (mostly far less). The Dems only want to raise your taxes!"
    }, 
    {
        "organizations": [
            {
                "text": "Oval Office", 
                "confidence": 0.4953653216, 
                "position": [
                    74, 
                    85
                ]
            }
        ], 
        "sentence": "Will be signing the biggest ever Tax Cut and Reform Bill in 30 minutes in Oval Office. Will also be signing a much needed 4 billion dollar missile defense bill."
    }, 
    {
        "organizations": [
            {
                "text": "Legislative Approvals", 
                "confidence": 0.3064686358, 
                "position": [
                    39, 
                    60
                ]
            }, 
            {
                "text": "Judicial Appointments", 
                "confidence": 0.7781006098000001, 
                "position": [
                    112, 
                    133
                ]
            }, 
            {
                "text": "VA", 
                "confidence": 0.38009753820000003, 
                "position": [
                    154, 
                    156
                ]
            }, 
            {
                "text": "REFORM", 
                "confidence": 0.2944711149, 
                "position": [
                    173, 
                    179
                ]
            }, 
            {
                "text": "Record Economy/Stock Market", 
                "confidence": 0.5687254667, 
                "position": [
                    181, 
                    208
                ]
            }
        ], 
        "sentence": "With all my Administration has done on Legislative Approvals (broke Harry Truman\u2019s Record), Regulation Cutting, Judicial Appointments, Building Military, VA, TAX CUTS &amp; REFORM, Record Economy/Stock Market and so much more, I am sure great credit will be given by mainstream news?"
    }, 
    {
        "organizations": [], 
        "sentence": "\u201cThe President has accomplished some absolutely historic things during this past year.\u201d Thank you Charlie Kirk of Turning Points USA. Sadly, the Fake Mainstream Media will NEVER talk about our accomplishments in their end of year reviews. We are compiling a long &amp; beautiful list."
    }, 
    {
        "organizations": [], 
        "sentence": "At some point, and for the good of the country, I predict we will start working with the Democrats in a Bipartisan fashion. Infrastructure would be a perfect place to start. After having foolishly spent $7 trillion in the Middle East, it is time to start rebuilding our country!"
    }, 
    {
        "organizations": [], 
        "sentence": "So true! https://t.co/1c8hu6O5t9"
    }, 
    {
        "organizations": [], 
        "sentence": "Our big and very popular Tax Cut and Reform Bill has taken on an unexpected new source of \u201clove\u201d - that is big companies and corporations showering their workers with bonuses. This is a phenomenon that nobody even thought of, and now it is the rage. Merry Christmas!"
    }, 
    {
        "organizations": [], 
        "sentence": "THANK YOU to everyone who joined me at the @WhiteHouse yesterday. Together, we are MAKING AMERICA GREAT AGAIN! https://t.co/9HgcBKDSxo https://t.co/dTMU8OwmWB"
    }, 
    {
        "organizations": [
            {
                "text": "House", 
                "confidence": 0.8026393056000001, 
                "position": [
                    0, 
                    5
                ]
            }
        ], 
        "sentence": "House Democrats want a SHUTDOWN for the holidays in order to distract from the very popular, just passed, Tax Cuts. House Republicans, don\u2019t let this happen. Pass the C.R. TODAY and keep our Government OPEN!"
    }, 
    {
        "organizations": [], 
        "sentence": "Home Sales hit BEST numbers in 10 years! MAKE AMERICA GREAT AGAIN"
    }, 
    {
        "organizations": [], 
        "sentence": "Was @foxandfriends just named the most influential show in news? You deserve it - three great people! The many Fake News Hate Shows should study your formula for success!"
    }, 
    {
        "organizations": [
            {
                "text": "News", 
                "confidence": 0.8641974926, 
                "position": [
                    37, 
                    41
                ]
            }
        ], 
        "sentence": "The Massive Tax Cuts, which the Fake News Media is desperate to write badly about so as to please their Democrat bosses, will soon be kicking in and will speak for themselves. Companies are already making big payments to workers. Dems want to raise taxes, hate these big Cuts!"
    }, 
    {
        "organizations": [], 
        "sentence": "WE ARE MAKING AMERICA GREAT AGAIN! https://t.co/HY353gXV0R"
    }, 
    {
        "organizations": [
            {
                "text": "HISTORIC", 
                "confidence": 0.5726627111, 
                "position": [
                    18, 
                    26
                ]
            }
        ], 
        "sentence": "We are delivering HISTORIC TAX RELIEF for the American people!\n#TaxCutsandJobsAct https://t.co/lLgATrCh5o"
    }, 
    {
        "organizations": [], 
        "sentence": "Together, we are MAKING AMERICA GREAT AGAIN! https://t.co/47k9i4p3J2"
    }, 
    {
        "organizations": [
            {
                "text": "Senate", 
                "confidence": 0.4068360925, 
                "position": [
                    133, 
                    139
                ]
            }
        ], 
        "sentence": "I would like to congratulate @SenateMajLdr on having done a fantastic job both strategically &amp; politically on the passing in the Senate of the MASSIVE TAX CUT &amp; Reform Bill. I could have not asked for a better or more talented partner. Our team will go onto many more VICTORIES!"
    }, 
    {
        "organizations": [
            {
                "text": "News", 
                "confidence": 0.8254018426, 
                "position": [
                    62, 
                    66
                ]
            }
        ], 
        "sentence": "The Tax Cuts are so large and so meaningful, and yet the Fake News is working overtime to follow the lead of their friends, the defeated Dems, and only demean. This is truly a case where the results will speak for themselves, starting very soon. Jobs, Jobs, Jobs!"
    }, 
    {
        "organizations": [
            {
                "text": "Senate", 
                "confidence": 0.4944178462, 
                "position": [
                    18, 
                    24
                ]
            }, 
            {
                "text": "House", 
                "confidence": 0.7738884687, 
                "position": [
                    146, 
                    151
                ]
            }, 
            {
                "text": "News", 
                "confidence": 0.7085906863, 
                "position": [
                    214, 
                    218
                ]
            }, 
            {
                "text": "White House", 
                "confidence": 0.6878325343, 
                "position": [
                    237, 
                    248
                ]
            }
        ], 
        "sentence": "The United States Senate just passed the biggest in history Tax Cut and Reform Bill. Terrible Individual Mandate (ObamaCare)Repealed. Goes to the House tomorrow morning for final vote. If approved, there will be a News Conference at The White House at approximately 1:00 P.M."
    }, 
    {
        "organizations": [
            {
                "text": "House", 
                "confidence": 0.4562952518, 
                "position": [
                    111, 
                    116
                ]
            }
        ], 
        "sentence": "Congratulations to Paul Ryan, Kevin McCarthy, Kevin Brady, Steve Scalise, Cathy McMorris Rodgers and all great House Republicans who voted in favor of cutting your taxes!"
    }, 
    {
        "organizations": [
            {
                "text": "U.S. Supreme Court", 
                "confidence": 0.7524417043, 
                "position": [
                    225, 
                    243
                ]
            }
        ], 
        "sentence": "A  story in the @washingtonpost that I was close to \u201crescinding\u201d the nomination of Justice Gorsuch prior to confirmation is FAKE NEWS. I never even wavered and am very proud of him and the job he is doing as a Justice of the U.S. Supreme Court. The unnamed sources don\u2019t exist!"
    }, 
    {
        "organizations": [
            {
                "text": "Tax Cut Bill", 
                "confidence": 0.4660493731, 
                "position": [
                    55, 
                    67
                ]
            }
        ], 
        "sentence": "Stocks and the economy have a long way to go after the Tax Cut Bill is totally understood and appreciated in scope and size. Immediate expensing will have a big impact. Biggest Tax Cuts and Reform EVER passed. Enjoy, and create many beautiful JOBS!"
    }, 
    {
        "organizations": [], 
        "sentence": "DOW RISES 5000 POINTS ON THE YEAR FOR THE FIRST TIME EVER - MAKE AMERICA GREAT AGAIN!"
    }, 
    {
        "organizations": [], 
        "sentence": "Together, our task is to strengthen our families, to build up our communities, to serve our citizens, and to celebrate AMERICAN GREATNESS as a shining example to the world.... https://t.co/ds6tZlgJpA"
    }, 
    {
        "organizations": [
            {
                "text": "WIN", 
                "confidence": 0.5849176645, 
                "position": [
                    116, 
                    119
                ]
            }
        ], 
        "sentence": "With the strategy that I announced today, we are declaring that AMERICA is in the game and AMERICA is DETERMINED to WIN!\n\nOUR FOUR PILLARS OF NATIONAL SECURITY STRATEGY: https://t.co/B3POaMVID8"
    }, 
    {
        "organizations": [], 
        "sentence": "70 Record Closes for the Dow so far this year! We have NEVER had 70 Dow Records in a one year period. Wow!"
    }, 
    {
        "organizations": [], 
        "sentence": "Thank you Maria B! https://t.co/v1UR63CqLK"
    }, 
    {
        "organizations": [], 
        "sentence": "So true Ivanka! https://t.co/BNGUJG69Ki"
    }, 
    {
        "organizations": [
            {
                "text": "HISTORIC", 
                "confidence": 0.7457311749000001, 
                "position": [
                    52, 
                    60
                ]
            }, 
            {
                "text": "BIGGEST", 
                "confidence": 0.4289618134, 
                "position": [
                    123, 
                    130
                ]
            }
        ], 
        "sentence": "As the world watches, we are days away from passing HISTORIC TAX CUTS for American families and businesses. It will be the BIGGEST TAX CUT and TAX REFORM in the HISTORY of our country! https://t.co/EvcAkjuf8w"
    }, 
    {
        "organizations": [], 
        "sentence": "When the American People speak, ALL OF US should listen. Just over one year ago, you spoke loud and clear. On November 8, 2016, you voted to MAKE AMERICA GREAT AGAIN! https://t.co/3AOv53S0PU"
    }, 
    {
        "organizations": [], 
        "sentence": "Over the past 11 months, I have travelled tens of thousands of miles, to visit 13 countries. I have met with more than 100 world leaders and everywhere I traveled, it was my highest privilege and greatest honor to represent the AMERICAN PEOPLE! https://t.co/7SDsEeIhJH"
    }, 
    {
        "organizations": [], 
        "sentence": "Our deepest sympathies and most heartfelt prayers are with the victims of the train derailment in Washington State. We are closely monitoring the situation and coordinating with local authorities... https://t.co/Gyf5BdVm4G"
    }, 
    {
        "organizations": [], 
        "sentence": "My thoughts and prayers are with everyone involved in the train accident in DuPont, Washington. Thank you to all of our wonderful First Responders who are on the scene. We are currently monitoring here at the White House."
    }, 
    {
        "organizations": [
            {
                "text": "WA", 
                "confidence": 0.44043082, 
                "position": [
                    49, 
                    51
                ]
            }
        ], 
        "sentence": "The train accident that just occurred in DuPont, WA shows more than ever why our soon to be submitted infrastructure plan must be approved quickly. Seven trillion dollars spent in the Middle East while our roads, bridges, tunnels, railways (and more) crumble! Not for long!"
    }, 
    {
        "organizations": [], 
        "sentence": "Ivanka Trump will be interviewed on @foxandfriends."
    }, 
    {
        "organizations": [], 
        "sentence": "Remember, Republicans are 5-0 in Congressional Races this year. The media refuses to mention this. I said Gillespie and Moore would lose (for very different reasons), and they did. I also predicted  \u201cI\u201d would win. Republicans will do well in 2018, very well! @foxandfriends"
    }, 
    {
        "organizations": [], 
        "sentence": "More than a century after conquering flight, the #WrightBrothers continue to motivate &amp; inspire Americans, who never tire of exploration &amp; innovation. This GREAT AMERICAN SPIRIT can be found in the design of every new supersonic jet and next generation: https://t.co/NeKPMgkdg8 https://t.co/pODjl00lAy"
    }, 
    {
        "organizations": [
            {
                "text": "@WhiteHouse", 
                "confidence": 0.5003694892, 
                "position": [
                    110, 
                    121
                ]
            }
        ], 
        "sentence": "Wonderful weekend at Camp David. A very special place. A lot of very important work done. Heading back to the @WhiteHouse now. https://t.co/cKxlsdr1ut"
    }, 
    {
        "organizations": [], 
        "sentence": "As a candidate, I promised we would pass a massive TAX CUT for the everyday working American families who are the backbone and the heartbeat of our country. Now, we are just days away... https://t.co/MADTGUMktX"
    }, 
    {
        "organizations": [], 
        "sentence": "WEEKLY ADDRESS\ud83c\uddfa\ud83c\uddf8 https://t.co/1sH20Hb33x"
    }
]